{"Starfield:1608261397030":{"Radius":2500,"StarSize":10,"Name":"Starfield:1608261397030","DisplayName":"Starfield:1608261397030","Position":{"x":0,"y":0,"z":0},"ScreenXY":{"x":0,"y":0},"Distance":2500,"Scale":2500,"Shape":0.5,"BillboardMode":false,"RotationAxis":{"x":0,"y":0,"z":0},"RotationAngle":0,"ForegroundColor":"#FFEA00","BackgroundColor":"#E941CE","ColorMix":0.5,"BlendMode":1,"Alpha":1,"Speed":1,"NoiseOffset":{"x":8.529893736966798,"y":8.523374028785957,"z":36.85490332409018},"Frequency":5.3,"Lacunarity":2,"Amplitude":0.5,"Gain":0.5,"Intensity":0.9,"Density":44000,"FalloffType":1,"Falloff":0.5,"Twist":0.5,"BlackHole":0,"DistanceRayOrigin":{"x":0,"y":0,"z":0},"DistanceRayDirection":{"x":1,"y":1,"z":1},"OrientationQuaternion":{"x":0,"y":0,"z":0,"w":1}},"Nebula:1608261416688":{"ColorFrequency":2,"Name":"Nebula:1608261416688","DisplayName":"Nebula:1608261416688","Position":{"x":-2.7692908931085363,"y":0.4128348322535986,"z":18.01482845069721},"ScreenXY":{"x":522.4140625,"y":200.46893310546875},"Distance":3151,"Scale":2500,"Shape":0.5,"BillboardMode":false,"RotationAxis":{"x":0,"y":0,"z":0},"RotationAngle":0,"ForegroundColor":"#24ABFF","BackgroundColor":"#DACECE","ColorMix":0.5,"BlendMode":1,"Alpha":1,"Speed":1,"NoiseOffset":{"x":38.985717201396874,"y":58.6313988705796,"z":64.47102208017125},"Frequency":5.3,"Lacunarity":2,"Amplitude":0.5,"Gain":0.5,"Intensity":0.5,"Density":0.5,"FalloffType":1,"Falloff":0.5,"Twist":0,"BlackHole":0,"DistanceRayOrigin":{"x":-2.7692908931085363,"y":0.4128348322535986,"z":18.01482845069721},"DistanceRayDirection":{"x":0.6134320074158734,"y":0.21555145040456958,"z":-0.7597622947384386},"OrientationQuaternion":{"x":0,"y":0,"z":0,"w":1}},"InterstellarGas:1608261459636":{"Name":"InterstellarGas:1608261459636","DisplayName":"InterstellarGas:1608261459636","Position":{"x":-2.9701704625477907,"y":0.24190320982594324,"z":17.87429076096361},"ScreenXY":{"x":844.0731201171875,"y":426.5672607421875},"Distance":1031,"Scale":2341,"Shape":0.5,"BillboardMode":false,"RotationAxis":{"x":0,"y":0,"z":0},"RotationAngle":0,"ForegroundColor":"#222567","BackgroundColor":"#0000FF","ColorMix":0.5,"BlendMode":1,"Alpha":1,"Speed":1,"NoiseOffset":{"x":65.40553880614361,"y":54.16611638566875,"z":62.04185127458817},"Frequency":1.9,"Lacunarity":2.12,"Amplitude":0.25,"Gain":0.82,"Intensity":0.5,"Density":0.5,"FalloffType":1,"Falloff":0.5,"Twist":0.5,"BlackHole":0,"DistanceRayOrigin":{"x":-2.9701704625477907,"y":0.24190320982594324,"z":17.87429076096361},"DistanceRayDirection":{"x":0.4196716806929219,"y":0.047817812627805614,"z":-0.9064155433463561},"OrientationQuaternion":{"x":0,"y":0,"z":0,"w":1}},"LensFlare:1608261651634":{"PrimaryStreakColor":3,"StreakIntensity":0.5,"PrimaryIntensity":0.5,"SecondaryStreaks":0.5,"Halo":0.5,"Name":"LensFlare:1608261651634","DisplayName":"LensFlare:1608261651634","Position":{"x":-2.8979852871569034,"y":0.327122987208493,"z":17.92769308217652},"ScreenXY":{"x":726.532958984375,"y":313.8435363769531},"Distance":2500,"Scale":2500,"Shape":1,"BillboardMode":false,"RotationAxis":{"x":0,"y":1,"z":0},"RotationAngle":0.003560775966373578,"ForegroundColor":"#0059FF","BackgroundColor":"#2244CC","ColorMix":0.5,"BlendMode":1,"Alpha":1,"Speed":1,"NoiseOffset":{"x":80.28235893018814,"y":36.59216291503975,"z":21.41599240634784},"Frequency":0.6,"Lacunarity":4.1,"Amplitude":0.5,"Gain":0.5,"Intensity":0.5,"Density":0.5,"FalloffType":1,"Falloff":1,"Twist":0.5,"BlackHole":0,"DistanceRayOrigin":{"x":-2.8979852871569034,"y":0.327122987208493,"z":17.92769308217652},"DistanceRayDirection":{"x":0.4945219350719964,"y":0.13329958921634177,"z":-0.8588825736079425},"OrientationQuaternion":{"x":0,"y":0,"z":0,"w":1},"RotationQuaternion":{"x":-0.4433388513565426,"y":-0.07016643651505,"z":-0.11070805680831473,"w":0.8867192679886703}},"Planet_Neptune:1608261927832":{"Rings":true,"RingsSize":0.8,"RingsStart":0.76,"RingsColor":"#3233FC","RingsTransparency":0.42,"RingsCount":0.33,"Shader":"Neptune","Clouds":0,"Atmosphere":0.2,"Storms":0.19,"StormColor":{"r":0.8627450980392157,"g":0.17254901960784313,"b":0.25882352941176473},"UseFresnelEffect":0.25,"GlowColor":"#3650D8","Name":"Planet_Neptune:1608261927832","DisplayName":"Planet_Neptune:1608261927832","Position":{"x":769.8758550967615,"y":81.18839707577794,"z":-4110.709546401329},"ScreenXY":{"x":1131.2906494140625,"y":436.51861572265625},"Distance":4201,"Scale":50,"Shape":1,"BillboardMode":false,"RotationAxis":{"x":1,"y":0,"z":0},"RotationAngle":0,"ForegroundColor":"#3650D8","BackgroundColor":"#1A191A","ColorMix":0.5,"BlendMode":0,"Alpha":0.5,"Speed":1,"NoiseOffset":{"x":10.551091706907112,"y":39.359993654803915,"z":67.33382733653886},"Frequency":0.7,"Lacunarity":0.08,"Amplitude":0.03,"Gain":0.28,"Intensity":0.5,"Density":0.5,"FalloffType":1,"Falloff":0.5,"Twist":2.8,"BlackHole":0,"DistanceRayOrigin":{"x":-3.199063339031784,"y":0.21404132512372165,"z":17.752555180355564},"DistanceRayDirection":{"x":0.18402164209373797,"y":0.01927501922176963,"z":-0.9827331829520792},"OrientationQuaternion":{"x":0,"y":0,"z":0,"w":1},"RotationQuaternion":{"x":0,"y":0,"z":0,"w":1}},"Planet_Venus:1608261950515":{"Rings":false,"RingsSize":0.7,"RingsStart":0.4,"RingsColor":"#4367AC","RingsTransparency":0.5,"RingsCount":0.5,"Shader":"Venus","Clouds":0,"Atmosphere":0.2,"Storms":0.5,"StormColor":{"r":0.8627450980392157,"g":0.17254901960784313,"b":0.25882352941176473},"UseFresnelEffect":0.25,"GlowColor":"#BBB86F","Name":"Planet_Venus:1608261950515","DisplayName":"Planet_Venus:1608261950515","Position":{"x":2438.7338635767983,"y":-389.37191064428845,"z":-4317.623240189108},"ScreenXY":{"x":685.2926025390625,"y":567.715087890625},"Distance":4991,"Scale":50,"Shape":1,"BillboardMode":false,"RotationAxis":{"x":1,"y":0,"z":0},"RotationAngle":0,"ForegroundColor":"#BBB86F","BackgroundColor":"#C13F00","ColorMix":0.5,"BlendMode":0,"Alpha":0.5,"Speed":1,"NoiseOffset":{"x":19.03753784027351,"y":46.21844965105182,"z":77.90984518925765},"Frequency":0.8,"Lacunarity":2.17,"Amplitude":0.5,"Gain":0.5,"Intensity":0.5,"Density":0.5,"FalloffType":1,"Falloff":0.5,"Twist":5,"BlackHole":0,"DistanceRayOrigin":{"x":-2.8970005423614595,"y":0.11466562957809305,"z":17.90670784298721},"DistanceRayDirection":{"x":0.48920674496476857,"y":-0.07803778326464968,"z":-0.868669594877198},"OrientationQuaternion":{"x":0,"y":0,"z":0,"w":1},"RotationQuaternion":{"x":0,"y":0,"z":0,"w":1}},"Planet_Jupiter:1608261968297":{"Rings":true,"RingsSize":0.82,"RingsStart":0.89,"RingsColor":"#AC191A","RingsTransparency":0.36,"RingsCount":0.5,"Shader":"Jupiter","Clouds":0,"Atmosphere":0.2,"Storms":0.51,"StormColor":{"r":0.8627450980392157,"g":0.17254901960784313,"b":0.25882352941176473},"UseFresnelEffect":0.25,"GlowColor":"#D82C13","Name":"Planet_Jupiter:1608261968297","DisplayName":"Planet_Jupiter:1608261968297","Position":{"x":301.53563055089893,"y":698.7923189375438,"z":-4499.467916397125},"ScreenXY":{"x":1302.650390625,"y":241.70343017578125},"Distance":4581,"Scale":50,"Shape":1,"BillboardMode":false,"RotationAxis":{"x":1,"y":0,"z":0},"RotationAngle":0,"ForegroundColor":"#D82C13","BackgroundColor":"#F6BA23","ColorMix":0.5,"BlendMode":0,"Alpha":0.5,"Speed":1,"NoiseOffset":{"x":96.44736171169814,"y":12.469642782905964,"z":18.157908666790835},"Frequency":4.4,"Lacunarity":2.17,"Amplitude":0.33,"Gain":0.5,"Intensity":0.5,"Density":0.5,"FalloffType":1,"Falloff":0.5,"Twist":1,"BlackHole":0,"DistanceRayOrigin":{"x":-3.3195099646499058,"y":0.36160546408350763,"z":17.701427536993993},"DistanceRayDirection":{"x":0.06654772768294015,"y":0.15246250021249952,"z":-0.9860662178419818},"OrientationQuaternion":{"x":0,"y":0,"z":0,"w":1},"RotationQuaternion":{"x":0,"y":0,"z":0,"w":1}},"Planet_Fire:1608261995192":{"Rings":true,"RingsSize":0.7,"RingsStart":0.4,"RingsColor":"#4367AC","RingsTransparency":0.5,"RingsCount":0.5,"Shader":"Fire","Clouds":0,"Atmosphere":0.2,"Storms":0.5,"StormColor":{"r":0.8627450980392157,"g":0.17254901960784313,"b":0.25882352941176473},"UseFresnelEffect":0.25,