{"Starfield:1607148589828":{"Radius":8900,"StarSize":3,"Name":"Starfield:1607148589828","DisplayName":"Starfield:1607148589828","Position":{"x":0,"y":0,"z":0},"ScreenXY":{"x":0,"y":0},"Distance":8900,"Scale":10,"Shape":1,"BillboardMode":false,"RotationAxis":{"x":0,"y":0,"z":0},"RotationAngle":0,"ForegroundColor":"#FFFFFF","BackgroundColor":"#0000FF","ColorMix":0.5,"BlendMode":0,"Alpha":0.5,"Speed":1,"NoiseOffset":{"x":13.072813797558315,"y":15.429647345014219,"z":23.363545433508648},"Frequency":1,"Lacunarity":2.17,"Amplitude":0.5,"Gain":0.5,"Intensity":0.9,"Density":56000,"FalloffType":1,"Falloff":0.5,"Twist":0.5,"BlackHole":0,"DistanceRayOrigin":{"x":0,"y":0,"z":0},"DistanceRayDirection":{"x":1,"y":1,"z":1},"OrientationQuaternion":{"x":0,"y":0,"z":0,"w":1}},"LensFlare:1607148858295":{"PrimaryStreakColor":3,"StreakIntensity":0.5,"PrimaryIntensity":0.5,"SecondaryStreaks":0.5,"Halo":0.5,"Name":"LensFlare:1607148858295","DisplayName":"LensFlare:1607148858295","Position":{"x":0.010897109894626195,"y":-0.13671471380612335,"z":8.999914555227383},"ScreenXY":{"x":938,"y":719},"Distance":4991,"Scale":601,"Shape":1,"BillboardMode":false,"RotationAxis":{"x":0,"y":0,"z":1},"RotationAngle":-3.141592653589793,"ForegroundColor":"#FF0000","BackgroundColor":"#2244CC","ColorMix":0.5,"BlendMode":1,"Alpha":1,"Speed":1,"NoiseOffset":{"x":75.76192097022229,"y":82.36819023562967,"z":42.492230806507216},"Frequency":0.6,"Lacunarity":4.1,"Amplitude":0.5,"Gain":0.5,"Intensity":0.5,"Density":0.5,"FalloffType":1,"Falloff":1,"Twist":0.5,"BlackHole":0,"DistanceRayOrigin":{"x":0.010897109894626195,"y":-0.13671471380612335,"z":8.999914555227383},"DistanceRayDirection":{"x":0.01079513859502136,"y":-0.1354353877306925,"z":-0.9907273695285455},"OrientationQuaternion":{"x":0,"y":0,"z":0,"w":1},"RotationQuaternion":{"x":0,"y":0,"z":0,"w":0}},"Planet_Venus:1607149026167":{"Rings":false,"RingsSize":0.7,"RingsStart":0.4,"RingsColor":"#4367AC","RingsTransparency":0.5,"RingsCount":0.5,"Shader":"Venus","Clouds":0,"Atmosphere":0.2,"Storms":0.5,"StormColor":{"r":0.8627450980392157,"g":0.17254901960784313,"b":0.25882352941176473},"UseFresnelEffect":0.25,"GlowColor":"#BBB86F","Name":"Planet_Venus:1607149026167","DisplayName":"Planet_Venus:1607149026167","Position":{"x":-892.273474614699,"y":50.283888290578346,"z":-2198.079668521066},"ScreenXY":{"x":1674,"y":436},"Distance":2381,"Scale":24.1,"Shape":1,"BillboardMode":false,"RotationAxis":{"x":1,"y":0,"z":0},"RotationAngle":0,"ForegroundColor":"#BBB86F","BackgroundColor":"#C13F00","ColorMix":0.5,"BlendMode":0,"Alpha":0.5,"Speed":1,"NoiseOffset":{"x":82.65391997202983,"y":39.38191396152173,"z":50.24506860753859},"Frequency":0.8,"Lacunarity":2.17,"Amplitude":0.5,"Gain":0.5,"Intensity":0.5,"Density":0.5,"FalloffType":1,"Falloff":0.5,"Twist":5,"BlackHole":0,"DistanceRayOrigin":{"x":-0.4038458405531971,"y":0.022758648988623217,"z":9.00061640683331},"DistanceRayDirection":{"x":-0.3745777525300906,"y":0.021109252264422396,"z":-0.9269551805661065},"OrientationQuaternion":{"x":0,"y":0,"z":0,"w":1},"RotationQuaternion":{"x":0,"y":0,"z":0,"w":1}},"Planet_Neptune:1607149033532":{"Rings":true,"RingsSize":0.8,"RingsStart":0.76,"RingsColor":"#3233FC","RingsTransparency":0.42,"RingsCount":0.33,"Shader":"Neptune","Clouds":0,"Atmosphere":0.2,"Storms":0.19,"StormColor":{"r":0.8627450980392157,"g":0.17254901960784313,"b":0.25882352941176473},"UseFresnelEffect":0.25,"GlowColor":"#3650D8","Name":"Planet_Neptune:1607149033532","DisplayName":"Planet_Neptune:1607149033532","Position":{"x":-385.2643559341376,"y":-39.12215955189806,"z":-3983.2722445377126},"ScreenXY":{"x":1133,"y":492},"Distance":4011,"Scale":48.1,"Shape":1,"BillboardMode":false,"RotationAxis":{"x":1,"y":0,"z":0},"RotationAngle":0,"ForegroundColor":"#3650D8","BackgroundColor":"#1A191A","ColorMix":0.5,"BlendMode":0,"Alpha":0.5,"Speed":1,"NoiseOffset":{"x":63.328068087671326,"y":71.30182640009978,"z":90.59113205861718},"Frequency":0.7,"Lacunarity":0.08,"Amplitude":0.03,"Gain":0.28,"Intensity":0.5,"Density":0.5,"FalloffType":1,"Falloff":0.5,"Twist":2.8,"BlackHole":0,"DistanceRayOrigin":{"x":-0.09648723598759691,"y":-0.009797919968854365,"z":8.999907519320901},"DistanceRayDirection":{"x":-0.09602789047572925,"y":-0.009751274403373025,"z":-0.9953308780994848},"OrientationQuaternion":{"x":0,"y":0,"z":-1,"w":-1.8369701987210297e-16},"RotationQuaternion":{"x":0,"y":0,"z":-1,"w":-1.8369701987210297e-16}},"Nebula:1607163924762":{"ColorFrequency":2,"Name":"Nebula:1607163924762","DisplayName":"Nebula:1607163924762","Position":{"x":-0.2051177550215217,"y":0.1146743520946647,"z":9.000000357627826},"ScreenXY":{"x":1324,"y":272},"Distance":3451,"Scale":651,"Shape":0.5,"BillboardMode":false,"RotationAxis":{"x":0,"y":0,"z":0},"RotationAngle":0,"ForegroundColor":"#2699FF","BackgroundColor":"#E941CE","ColorMix":0.5,"BlendMode":1,"Alpha":1,"Speed":1,"NoiseOffset":{"x":80.76232449912322,"y":7.150161886374673,"z":97.04072647172785},"Frequency":5.3,"Lacunarity":2,"Amplitude":0.5,"Gain":0.5,"Intensity":0.5,"Density":0.5,"FalloffType":1,"Falloff":0.5,"Twist":0,"BlackHole":0,"DistanceRayOrigin":{"x":-0.2051177550215217,"y":0.1146743520946647,"z":9.000000357627826},"DistanceRayDirection":{"x":-0.19967834947920218,"y":0.11163336568039658,"z":-0.9734816631124228},"OrientationQuaternion":{"x":0,"y":0,"z":0,"w":1}},"InterstellarGas:1607178191796":{"Name":"InterstellarGas:1607178191796","DisplayName":"InterstellarGas:1607178191796","Position":{"x":0.16172746069004618,"y":-0.016623554726253622,"z":9.000000357627826},"ScreenXY":{"x":673,"y":505},"Distance":1191,"Scale":241,"Shape":0.5,"BillboardMode":false,"RotationAxis":{"x":0,"y":0,"z":0},"RotationAngle":0,"ForegroundColor":"#58FFEC","BackgroundColor":"#0000FF","ColorMix":0.5,"BlendMode":1,"Alpha":1,"Speed":1,"NoiseOffset":{"x":41.790409327962344,"y":69.11028513413041,"z":67.38037422361822},"Frequency":1.9,"Lacunarity":2.12,"Amplitude":0.25,"Gain":0.82,"Intensity":0.5,"Density":0.5,"FalloffType":1,"Falloff":0.5,"Twist":0.5,"BlackHole":0,"DistanceRayOrigin":{"x":0.16172746069004618,"y":-0.016623554726253622,"z":9.000000357627826},"DistanceRayDirection":{"x":0.15963150254946293,"y":-0.01640811651492414,"z":-0.9870403016626188},"OrientationQuaternion":{"x":0,"y":0,"z":0,"w":1}},"Galaxy:1607178264144":{"Count":0,"FullType":"Elliptical - E0","Arms":2,"Renderer":"Points","RotationQuaternion":{"x":0,"y":0,"z":0,"w":1},"StarSize":3,"Name":"Galaxy:1607178264144","DisplayName":"Galaxy:1607178264144","Position":{"x":0.3354155004367149,"y":-0.15919166814039282,"z":8.999664418866649},"ScreenXY":{"x":243,"y":758},"Distance":4991,"Scale":161.1,"Shape":1,"BillboardMode":false,"RotationAxis":{"x":0,"y":1,"z":0},"RotationAngle":0,"ForegroundColor":"#C197E4","BackgroundColor":"#6A30CC","ColorMix":0.5,"BlendMode":1,"Alpha":0.79,"Speed":1,"NoiseOffset":{"x":80.46255827660084,"y":61.41332122761853,"z":8.514598244832738},"Frequency":0.6,"Lacunarity":4.1,"Amplitude":0.5,"Gain":0.5,"Intensity":0.5,"Density":0,"FalloffType":1,"Falloff":0.78,"Twist":0.5,"BlackHole":0.07,"DistanceRayOrigin":{"x":0.3354155004367149,"y":-0.15919166814039282,"z":8.999664418866649},"DistanceRayDirection":{"x":0.31434982350679713,"y":-0.14919367993254717,"z":-0.9375102315865305},"OrientationQuaternion":{"x":0,"y":0,"z":0,"w":1}},"Planetoid:1607178430850":{"Appearance":0.8,"Metallic":0.46,"Name":"Planetoid:1607178430850","DisplayName":"Planetoid:1607178430850","Position":{"x":0.3196372190396494,"y":0.20089143253828048,"z":8.999680197152665},"ScreenXY":{"x":271,"y":119},"Distance":4341,"Scale":65.1,"Shape":0.73,"BillboardMode":false,"RotationAxis":{"x":0,"y":0,"z":0},"RotationAngle":0,"ForegroundColor":"#D6B793","BackgroundColor":"#3E4685","ColorMix":0.5,"BlendMode":0,"Alpha":0.5,"Speed":1,"NoiseOffset":{"x":50.46580910193339,"y":40.906126622272446,"z":60.713451490328495},"Frequency":3.2,"Lacunarity":7.3,"Amplitude":0.47,"Gain":0.19,"Intensity":0.5,"Density":0.21,"FalloffType":1,"Falloff":0.5,"Twist":0,"BlackHole":0,