{"Starfield:1609345301220":{"Radius":8900,"StarSize":10,"Name":"Starfield:1609345301220","DisplayName":"Starfield:1609345301220","Position":{"x":0,"y":0,"z":0},"ScreenXY":{"x":0,"y":0},"Distance":8900,"Scale":10,"Shape":1,"BillboardMode":false,"RotationAxis":{"x":0,"y":0,"z":0},"RotationAngle":0,"ForegroundColor":"#FFFFFF","BackgroundColor":"#0000FF","ColorMix":0.5,"BlendMode":0,"Alpha":0.5,"Speed":1,"NoiseOffset":{"x":16.68741031915115,"y":18.381468090877775,"z":28.54214071546297},"Frequency":1,"Lacunarity":2.17,"Amplitude":0.5,"Gain":0.5,"Intensity":0.9,"Density":45000,"FalloffType":1,"Falloff":0.5,"Twist":0.5,"BlackHole":0,"DistanceRayOrigin":{"x":0,"y":0,"z":0},"DistanceRayDirection":{"x":1,"y":1,"z":1},"OrientationQuaternion":{"x":0,"y":0,"z":0,"w":1}},"Nebula:1609345346105":{"ColorFrequency":2,"Name":"Nebula:1609345346105","DisplayName":"Nebula:1609345346105","Position":{"x":-0.05633059416329116,"y":0.018602949410650653,"z":9.000000357627826},"ScreenXY":{"x":797.7846069335938,"y":344.31195068359375},"Distance":3161,"Scale":2611,"Shape":0.5,"BillboardMode":false,"RotationAxis":{"x":0,"y":0,"z":1},"RotationAngle":3.141592653589793,"ForegroundColor":"#2699FF","BackgroundColor":"#84D0F1","ColorMix":0.5,"BlendMode":1,"Alpha":1,"Speed":1,"NoiseOffset":{"x":19.61016624112457,"y":23.53895482526738,"z":11.124695187643606},"Frequency":5.3,"Lacunarity":2,"Amplitude":0.5,"Gain":0.5,"Intensity":0.5,"Density":0.5,"FalloffType":1,"Falloff":0.5,"Twist":0,"BlackHole":0,"DistanceRayOrigin":{"x":-0.05633059416329116,"y":0.018602949410650653,"z":9.000000357627826},"DistanceRayDirection":{"x":-0.056231728862000924,"y":0.01857029954736252,"z":-0.9982450283592258},"OrientationQuaternion":{"x":0,"y":0,"z":0,"w":1},"RotationQuaternion":{"x":0,"y":0,"z":-0.9992469975732889,"w":0.03879997217481431}},"InterstellarGas:1696615471438":{"Name":"InterstellarGas:1696615471438","DisplayName":"InterstellarGas:1696615471438","Position":{"x":-1.0735713839090668,"y":-0.13047182906576663,"z":9.933813186922178},"ScreenXY":{"x":1180,"y":492},"Distance":2500,"Scale":2500,"Shape":0.5,"BillboardMode":false,"RotationAxis":{"x":0,"y":0,"z":1},"RotationAngle":-3.141592653589793,"ForegroundColor":"#58FFEC","BackgroundColor":"#0000FF","ColorMix":0.5,"BlendMode":1,"Alpha":1,"Speed":1,"NoiseOffset":{"x":91.35297068834636,"y":19.399948330829766,"z":16.202067633029916},"Frequency":1.9,"Lacunarity":2.12,"Amplitude":0.25,"Gain":0.82,"Intensity":0.5,"Density":0.5,"FalloffType":1,"Falloff":0.5,"Twist":0.5,"BlackHole":0,"DistanceRayOrigin":{"x":-1.0735713839090668,"y":-0.13047182906576663,"z":9.933813186922178},"DistanceRayDirection":{"x":-0.9908421083463931,"y":-0.12041767186504769,"z":-0.06108601010277669},"OrientationQuaternion":{"x":0,"y":0,"z":0,"w":1},"RotationQuaternion":{"x":0.8620962351173319,"y":0.07175013014315698,"z":-0.5015723445744414,"w":0.008196546776581826}},"LensFlare:1696615527130":{"PrimaryStreakColor":3,"StreakIntensity":0.5,"PrimaryIntensity":0.5,"SecondaryStreaks":0.5,"Halo":0.5,"Name":"LensFlare:1696615527130","DisplayName":"LensFlare:1696615527130","Position":{"x":0.7133975428556851,"y":0.11354582014286053,"z":10.781744377440573},"ScreenXY":{"x":1137,"y":450},"Distance":2500,"Scale":2500,"Shape":1,"BillboardMode":false,"RotationAxis":{"x":0,"y":0,"z":1},"RotationAngle":-3.141592653589793,"ForegroundColor":"#FF0000","BackgroundColor":"#2244CC","ColorMix":0.5,"BlendMode":6,"Alpha":1,"Speed":1,"NoiseOffset":{"x":21.498761341339232,"y":41.97352799374823,"z":46.353723612428595},"Frequency":0.6,"Lacunarity":4.1,"Amplitude":0.5,"Gain":0.5,"Intensity":0.5,"Density":0.5,"FalloffType":1,"Falloff":1,"Twist":0.5,"BlackHole":0,"DistanceRayOrigin":{"x":0.7133975428556851,"y":0.11354582014286053,"z":10.781744377440573},"DistanceRayDirection":{"x":0.6702324962560824,"y":0.106675573229589,"z":0.7344444996311699},"OrientationQuaternion":{"x":0,"y":0,"z":0,"w":1},"RotationQuaternion":{"x":-0.06944259185487307,"y":0.23769260304942283,"z":-0.00799458574234384,"w":0.9688219854497916}},"Galaxy:1696615634679":{"Count":20000,"FullType":"Spiral - Sa","Arms":2,"Renderer":"Points","RotationQuaternion":{"x":-0.07335344475239683,"y":-0.30328030618569307,"z":-0.16004483533126881,"w":0.9364966517327552},"StarSize":3,"Name":"Galaxy:1696615634679","DisplayName":"Galaxy:1696615634679","Position":{"x":-0.5955405699682254,"y":-0.05559342333380734,"z":11.05384627954119},"ScreenXY":{"x":1392,"y":559},"Distance":2501,"Scale":250.1,"Shape":1,"BillboardMode":false,"RotationAxis":{"x":0,"y":0,"z":1},"RotationAngle":-3.141592653589793,"ForegroundColor":"#37C89F","BackgroundColor":"#124DD9","ColorMix":0.5,"BlendMode":1,"Alpha":1,"Speed":1,"NoiseOffset":{"x":83.90097413087804,"y":95.1095513637754,"z":23.28118226327378},"Frequency":0.6,"Lacunarity":4.1,"Amplitude":0.5,"Gain":0.5,"Intensity":0.5,"Density":20000,"FalloffType":1,"Falloff":0.18,"Twist":0.91,"BlackHole":0.59,"DistanceRayOrigin":{"x":-0.5955405699682254,"y":-0.05559342333380734,"z":11.05384627954119},"DistanceRayDirection":{"x":-0.4914695956848219,"y":-0.04587844332132831,"z":0.8696854632312819},"OrientationQuaternion":{"x":0,"y":0,"z":0,"w":1}},"Nebula:1696617955625":{"ColorFrequency":2,"Name":"Nebula:1696617955625","DisplayName":"Nebula:1696617955625","Position":{"x":-0.029312570541490224,"y":1.0000000194077387,"z":10.05404626960488},"ScreenXY":{"x":973,"y":423},"Distance":2500,"Scale":2500,"Shape":0.5,"BillboardMode":false,"RotationAxis":{"x":0,"y":0,"z":1},"RotationAngle":-3.141592653589793,"ForegroundColor":"#FFEA61","BackgroundColor":"#FFB61A","ColorMix":0.5,"BlendMode":6,"Alpha":1,"Speed":1,"NoiseOffset":{"x":83.52537597125735,"y":16.593306546248996,"z":63.69269325595981},"Frequency":5.1,"Lacunarity":4.3,"Amplitude":0.52,"Gain":0.09,"Intensity":0.5,"Density":0.5,"FalloffType":1,"Falloff":0.49,"Twist":3.92,"BlackHole":0,"DistanceRayOrigin":{"x":-0.029312570541490224,"y":1.0000000194077387,"z":10.05404626960488},"DistanceRayDirection":{"x":-0.029257487989793173,"y":0.998115211351019,"z":0.05394464075548203},"OrientationQuaternion":{"x":0,"y":0,"z":0,"w":1},"RotationQuaternion":{"x":-0.698540249725924,"y":0.3204754243766416,"z":-0.16105443927886487,"w":-0.619191803459985}},"Lighting":{"LightHorizontalDirection":75,"LightVerticalDirection":50,"LightColor":"#FFFFFF","LightShadowAlgorithm":0,"LightShadowQuality":2,"LightShadowOrthoScale":0.1,"LightShadowFrustumSize":0},"Pipeline":{"MSAA":true,"FXAA":true,"HorzBlur":true,"VertBlur":true,"KernelSize":5,"DepthOfField":false,"DepthOfFieldBlur":1,"DepthOfFieldFocus":1,"DepthOfFieldFStop":1,"DpethOfFieldFocalLength":1,"Sharpen":false,"SharpenEdge":1,"SharpenColor":1,"ImageProcessing":false,"Contrast":1,"Exposure":1,"ToneMapping":false,"ColorCurves":false,"Bloom":false,"BloomKernel":1,"BloomWeight":1,"BloomThreshold":1,"BloomScale":1},"Camera":{"tags":null,"ellipsoid":[0.5,1,0.5],"ellipsoidOffset":[0,0,0],"checkCollisions":false,"applyGravity":false,"rotation":[-1.5528021120000002,21.754578600274723,0],"speed":2,"position":[0,0,10],"upVector":[0,1,0],"fov":1.0471975511965976,"minZ":1,"maxZ":10000,"inertia":0.9,"mode":0,"layerMask":268435455,"fovMode":0,"cameraRigMode":0,"name":"camera1","id":"camera1","state":"","type":"UniversalCamera","inputsmgr":{"FreeCameraKeyboardMoveInput":{"tags":null,"keysUp":[38],"keysUpward":[33],"keysDown":[40],"keysDownward":[34],"keysLeft":[37],"keysRight":[39]},"FreeCameraMouseInput":{"tags":null,"buttons":[0,1,2],"angularSensibility":2000},"FreeCameraTouchInput":{"tags":null,"touchAngularSensibility":200000,"touchMoveSensibility":250},"FreeCameraGamepadInput":{"tags":null,"gamepadAngularSensibility":200,"gamepadMoveSensibility":40}},"animations":[],"ranges":[]}}