{"Nebula:1696619277592":{"ColorFrequency":2,"Name":"Nebula:1696619277592","DisplayName":"Nebula:1696619277592","Position":{"x":-0.4818715899477384,"y":-0.2599424725540199,"z":9.159307444898973},"ScreenXY":{"x":982,"y":472},"Distance":2500,"Scale":3271,"Shape":0.79,"BillboardMode":false,"RotationAxis":{"x":0,"y":0,"z":1},"RotationAngle":3.141592653589793,"ForegroundColor":"#FFDD00","BackgroundColor":"#FFAE00","ColorMix":0.5,"BlendMode":6,"Alpha":1,"Speed":1,"NoiseOffset":{"x":47.448541584601344,"y":24.32140337697184,"z":11.26654575985031},"Frequency":0.1,"Lacunarity":4.3,"Amplitude":0.52,"Gain":0.09,"Intensity":0.5,"Density":0.5,"FalloffType":1,"Falloff":0.67,"Twist":3.92,"BlackHole":0,"DistanceRayOrigin":{"x":-0.4818715899477384,"y":-0.2599424725540199,"z":9.159307444898973},"DistanceRayDirection":{"x":-0.4803049790934193,"y":-0.2590974122081526,"z":-0.8379592221851304},"OrientationQuaternion":{"x":0,"y":0,"z":0,"w":1},"RotationQuaternion":{"x":0,"y":0,"z":0,"w":0}},"Nebula:1696621718162":{"ColorFrequency":2,"Name":"Nebula:1696621718162","DisplayName":"Nebula:1696621718162","Position":{"x":-1.4867800289777082,"y":-0.21575171225501158,"z":9.616288436736006},"ScreenXY":{"x":1282,"y":491},"Distance":2500,"Scale":2741,"Shape":0.8,"BillboardMode":false,"RotationAxis":{"x":0,"y":-1,"z":0},"RotationAngle":0.009999666686665238,"ForegroundColor":"#FFDD00","BackgroundColor":"#FFAE00","ColorMix":0.5,"BlendMode":6,"Alpha":1,"Speed":1,"NoiseOffset":{"x":78.19433829702756,"y":58.68464404521661,"z":88.17108569801499},"Frequency":6.9,"Lacunarity":4.3,"Amplitude":0.52,"Gain":0.13,"Intensity":0.5,"Density":0.5,"FalloffType":1,"Falloff":0.65,"Twist":4,"BlackHole":0,"DistanceRayOrigin":{"x":-1.4867800289777082,"y":-0.21575171225501158,"z":9.616288436736006},"DistanceRayDirection":{"x":-0.9588541985264957,"y":-0.13914250995168922,"z":-0.24746310410333047},"OrientationQuaternion":{"x":0,"y":0,"z":0,"w":1},"RotationQuaternion":{"x":-0.4846080124694319,"y":0.04178368325993026,"z":-0.8736093344584637,"w":-0.014694516348020423}},"Lighting":{"LightHorizontalDirection":75,"LightVerticalDirection":50,"LightColor":"#FFFFFF","LightShadowAlgorithm":0,"LightShadowQuality":2,"LightShadowOrthoScale":0.1,"LightShadowFrustumSize":0},"Pipeline":{"MSAA":true,"FXAA":true,"HorzBlur":true,"VertBlur":true,"KernelSize":5,"DepthOfField":false,"DepthOfFieldBlur":1,"DepthOfFieldFocus":1,"DepthOfFieldFStop":1,"DpethOfFieldFocalLength":1,"Sharpen":false,"SharpenEdge":1,"SharpenColor":1,"ImageProcessing":false,"Contrast":1,"Exposure":1,"ToneMapping":false,"ColorCurves":false,"Bloom":false,"BloomKernel":1,"BloomWeight":1,"BloomThreshold":1,"BloomScale":1},"Camera":{"tags":null,"ellipsoid":[0.5,1,0.5],"ellipsoidOffset":[0,0,0],"checkCollisions":false,"applyGravity":false,"rotation":[0.07544943696397227,3.839902600997133,0],"speed":2,"position":[0,0,10],"upVector":[0,1,0],"fov":2.0943951023931953,"minZ":1,"maxZ":10000,"inertia":0.9,"mode":0,"layerMask":268435455,"fovMode":0,"cameraRigMode":0,"name":"camera1","id":"camera1","state":"","type":"UniversalCamera","inputsmgr":{"FreeCameraKeyboardMoveInput":{"tags":null,"keysUp":[38],"keysUpward":[33],"keysDown":[40],"keysDownward":[34],"keysLeft":[37],"keysRight":[39]},"FreeCameraMouseInput":{"tags":null,"buttons":[0,1,2],"angularSensibility":2000},"FreeCameraTouchInput":{"tags":null,"touchAngularSensibility":200000,"touchMoveSensibility":250},"FreeCameraGamepadInput":{"tags":null,"gamepadAngularSensibility":200,"gamepadMoveSensibility":40}},"animations":[],"ranges":[]}}